,link,price,oldprice
0,137538824,27325,27325
1,138224298,70166,70166
2,54680243,16434,16434
3,135946719,10167,10167
4,13141125,9350,9350
5,132622914,10167,10167
6,95822010,12325,12325
7,67849072,39083,39083
8,159898881,6627,6627
9,138218084,11952,11952
10,49894134,20639,20639
11,59567887,12549,12549
12,49895610,17875,17875
13,171233214,12047,12047
14,123985394,17803,17803
15,161188849,19840,19840
16,13141141,9541,9541
17,50889213,14270,14270
18,102465104,27053,27053
19,44889773,36940,36940
20,89040935,35900,35900
21,54680247,6394,6394
22,54680244,7171,7171
23,175583187,712,712
24,137549606,13804,13804
25,148332249,30284,30284
26,94821268,19139,19139
27,103655036,30201,30201
28,13141129,11504,11504
29,131703516,25876,25876
30,13141130,8395,8395
31,18977253,22031,22031
32,53552249,22277,22277
33,142110901,9226,9226
34,62003628,42310,42310
35,19386577,4437,4437
36,19386579,5971,5971
37,13643816,13819,13819
38,64756979,3381,3381
39,14663371,5689,5689
40,153897181,10604,10604
41,13141144,9553,9553
42,204528527,3160,3160
43,186771092,1131,1131
44,163311816,11204,11204
45,59620266,7529,7529
46,14218087,10380,10380
47,19923207,3631,3631
48,105404071,68680,68680
49,183891684,3889,3889
50,40297748,30813,30813
51,13141133,20613,20613
52,67118649,19029,19029
53,154168596,5523,5523
54,13141122,16185,16185
55,53487215,8954,8954
56,64936721,12489,12489
57,175705729,4975,4975
58,159688550,39043,39043
59,44884290,30607,30607
60,13141147,5723,5723
61,111756060,11326,11326
62,168869440,19123,19123
63,147310819,15861,15861
64,13141149,7212,7212
65,159692574,2100,2100
66,5796331,11611,11611
67,14218090,8926,8926
68,127846399,13147,13147
69,142108899,6150,6150
70,74820630,10009,10009
71,13141135,18525,18525
72,186107714,3944,3944
73,103418884,32020,32020
74,171620906,9814,9814
75,163164718,14118,14118
76,13141124,31789,31789
77,142796944,6464,6464
78,71624027,15119,15119
79,159866442,978,978
80,13141118,18915,18915
81,175013494,4832,4832
82,5920027,14339,14339
83,175706659,5486,5486
84,21508555,6792,6792
85,142803264,4545,4545
86,142794841,6208,6208
87,188278082,3944,3944
88,13141136,26912,26912
89,159324009,15238,15238
90,27166278,20270,20270
91,123985391,6898,6898
92,158080133,8906,8906
93,165309438,5697,5697
94,13141148,9159,9159
95,17825074,7664,7664
96,175892848,4419,4419
97,189180173,5971,5971
98,13141128,11894,11894
99,186111424,5861,5861
100,13141115,11231,11823
101,90475955,44992,44992
102,13141150,10668,11230
103,53478648,5914,6226
104,148306705,13239,13936
105,13141126,14051,14791
106,67118647,29954,29954
107,168869432,29506,29506
108,168869445,18600,18600
109,148679207,15014,15014
110,64936713,20575,20575
111,178832419,19787,19787
112,168991901,14126,14870
113,149893943,11230,11822
114,13141151,15014,15014
115,170738834,30776,30776
116,142926481,30278,30278
117,70398333,7224,7605
118,159839511,2295,2416
119,142802760,4627,4871
120,168277699,5189,5463
121,115921657,13740,14464
122,176179475,4951,5212
123,72685368,11712,12329
124,11189897,11952,12582
125,145810570,20096,20096
126,39335801,29022,29022
127,162515703,4015,4227
128,90488272,12238,12883
129,91284975,37555,37555
130,163409738,38749,38749
131,111756237,23387,23387
132,117310529,18113,18113
133,147198201,15270,15270
134,113257975,5498,5788
135,155707620,4959,5220
136,54700189,14305,15058
137,92585140,43186,43186
138,65258017,6627,6976
139,76113306,22517,22517
140,11930398,4303,4530
141,110868495,49527,49527
142,198360404,16598,16598
143,90476251,58963,58963
144,90187172,11014,11594
145,43769556,17337,17337
146,159327238,32862,32862
147,92103142,90941,90941
148,159831372,952,1003
149,174794936,8325,8764
150,175013488,6006,6323
151,14218086,7079,7452
152,27166264,31819,31819
153,15152546,11904,12531
154,91289044,72349,72349
155,136825778,16663,16663
156,111881882,7968,8388
157,163413494,18297,18297
158,11189898,13607,14324
159,71675896,26236,26236
160,11189894,8446,8891
161,90163045,7393,7783
162,40297749,12270,12916
163,33917556,40259,40259
164,12575456,13985,14722
165,11116929,13872,14603
166,123985393,15796,15796
167,21038750,13980,14716
168,15043997,5310,5590
169,148483318,19797,19797
170,116413921,50871,50871
171,41341282,18301,18301
172,97656247,39155,39155
173,25370181,29520,29520
174,70398337,8704,9163
175,183902774,5889,6199
176,90312814,39733,39733
177,13141117,10855,11427
178,18975359,19685,19685
179,8983316,12830,13506
180,91304462,6730,7085
181,10514563,58345,58345
182,43744306,4311,4538
183,79459679,1670,1758
184,62601042,23007,23007
185,19071484,141262,141262
186,139460495,47436,47436
187,71350563,25514,25514
188,159695523,2448,2577
189,17825073,31261,31261
190,13141155,26522,26522
191,6161227,73036,73036
192,6296789,39836,39836
193,13141139,18322,18322
194,90487732,9739,10252
195,115923383,6880,7243
196,54680245,19182,19182
197,65258012,4110,4327
198,97104989,6125,6448
199,175995625,5904,6215
200,90467227,11167,11755
201,163311373,10748,11314
202,90168442,14379,15136
203,110066941,20055,20055
204,90322513,24966,24966
205,90489641,27038,27038
206,67849074,42668,42668
207,170525607,19422,19422
208,175823578,7222,7603
209,90475584,29640,29640
210,160454547,1554,1636
211,17045724,27712,27712
212,39187310,16719,16719
213,90169025,8159,8589
214,142796947,10376,10923
215,90322542,28153,28153
216,110067247,38705,38705
217,90188778,24488,24488
218,5920023,39836,39836
219,90162308,6322,6655
220,137980351,5714,6015
221,66922450,19103,19103
222,26743557,18816,18816
223,97313529,10766,11333
224,72830532,9892,10413
225,43915135,5506,5796
226,17825076,11888,12514
227,6296791,20879,20879
228,6296784,17592,17592
229,28372202,39441,39441
230,13141156,10625,11185
231,91289766,8924,9394
232,87460625,20956,20956
233,12433857,4111,4328
234,90489955,29375,29375
235,109110971,11540,12148
236,159876577,717,755
237,18975334,11716,12333
238,160810615,13290,13990
239,202277916,5232,5508
240,156058734,51738,51738
241,90188348,21726,21726
242,90475044,20451,20451
243,33917553,16724,16724
244,90168371,22788,22788
245,18969938,12334,12984
246,91600917,44833,44833
247,168103290,111445,111445
248,15732490,11574,12184
249,90474897,18379,18379
250,108447622,8767,9229
251,173003276,21938,21938
252,90168059,8005,8427
253,11116928,9606,10112
254,19071482,161847,161847
255,76110113,17176,17176
256,96381862,15145,15145
257,148333297,24807,24807
258,87139055,8116,8544
259,99998472,16491,16491
260,90169673,8311,8749
261,11930381,6421,6759
262,39335800,43140,43140
263,170455405,5875,6185
264,28373896,64242,64242
265,150416750,13006,13691
266,87460621,19133,19133
267,145518952,17011,17011
268,15732487,10760,11327
269,48066222,19692,19692
270,39335799,28053,28053
271,15732499,15329,15329
272,160810578,7184,7563
273,109104099,34350,34350
274,151438825,3817,4018
275,39187309,12531,13191
276,66921957,31931,31931
277,13141127,9158,9640
278,137753289,16141,16141
279,159339838,17825,17825
280,90188281,22310,22310
281,51165868,19094,19094
282,139020359,9178,9662
283,122015675,21904,21904
284,138171216,8022,8445
285,145888876,18814,18814
286,83996800,8715,9174
287,59596899,11481,12086
288,125992574,14345,15100
289,52452741,8493,8940
290,87460622,6479,6820
291,15732492,18843,18843
292,5796332,27552,27552
293,15732496,11807,12429
294,159685621,22065,22065
295,86489956,27385,27385
296,17825077,19257,19257
297,9891419,20714,20714
298,12570398,35853,35853
299,28371243,58266,58266
300,90163170,10147,10682
301,90188483,17582,17582
302,29225894,10780,11348
303,116413898,6964,7331
304,76896312,16185,16185
305,25370183,20649,20649
306,49892892,11164,11752
307,90322507,22469,22469
308,142797367,29622,29622
309,11189895,16105,16105
310,8149517,18589,18589
311,145514893,37962,37962
312,136823302,15812,15812
313,76549763,19898,19898
314,41339798,17778,17778
315,19658183,15960,15960
316,94942446,44297,44297
317,194085909,82170,82170
318,62601020,13352,14055
319,90489748,7241,7623
320,97115295,9712,10224
321,16779971,68369,68369
322,90168682,6374,6710
323,11311919,38509,38509
324,30955819,39923,39923
325,12433858,19588,19588
326,87460620,11592,12203
327,75338632,12139,12778
328,78183588,81018,81018
329,9891413,29213,29213
330,51393844,30460,30460
331,15732503,19570,19570
332,164406311,6205,6532
333,11843172,15313,15313
334,170201720,22042,22042
335,76085438,9472,9971
336,11843914,26557,26557
337,48325340,33914,33914
338,76716914,7442,7834
339,15732502,12272,12918
340,116413897,4190,4411
341,18977081,17330,17330
342,15732505,15026,15026
343,145681343,20847,20847
344,10232275,9552,10055
345,90162605,9280,9769
346,76895117,8402,8845
347,200695898,4081,4296
348,15861749,9316,9807
349,147650451,54614,54614
350,137753279,23073,23073
351,13141154,8796,9259
352,94944211,10617,11176
353,13141131,11175,11764
354,14403038,39483,39483
355,10232273,16730,16730
356,74814772,13680,14400
357,15732504,21448,21448
358,28328508,37648,37648
359,15732497,22600,22600
360,8352468,6055,6374
361,137753273,5862,6171
362,6296783,16431,16431
363,5137181,19916,19916
364,137783834,13304,14005
365,10720520,78016,78016
366,183441318,13266,13965
367,6296788,22042,22042
368,33917560,20067,20067
369,8149512,8794,9257
370,163535900,11186,11775
371,15152545,7354,7742
372,13141157,9732,10245
373,207138606,19608,19608
374,142895401,98268,98268
375,5843562,24232,24232
376,50850421,9395,9890
377,75121557,14055,14795
378,124117989,13407,14113
379,142895333,10961,11538
380,8149509,32364,32364
381,51391695,18093,18093
382,39337815,12795,13469
383,139004259,78491,78491
384,6296793,155082,155082
385,20881194,39923,39923
386,138998886,27786,27786
387,103778484,8567,9018
388,39187307,5984,6299
389,114146342,8983,9456
390,153897175,16184,16184
391,58331297,32868,32868
392,41337818,12799,13473
393,185863337,8858,9325
394,123985390,5867,6176
395,206301800,12067,12703
396,9891422,31536,31536
397,75099847,15604,15604
398,39331383,29143,29143
399,183900700,5696,5996
400,72842525,13997,14734
401,90322519,35802,35802
402,11843171,19737,19737
403,13175304,12430,13085
404,15732489,9015,9490
405,197917389,53086,53086
406,18078341,8431,8875
407,8149511,19958,19958
408,148553704,84088,84088
409,159718183,3982,4192
410,8149515,46477,46477
411,90169632,26241,26241
412,9891415,86316,86316
413,6296790,64736,64736
414,17045723,15592,15592
415,67118654,11114,11699
416,27166280,7908,8325
417,94942930,43107,43107
418,153947902,8780,9243
419,10514564,74696,74696
420,25370184,5818,6125
421,90169069,6577,6924
422,116413896,8566,9017
423,9891414,34525,34525
424,11843915,45852,45852
425,169648143,29212,29212
426,180590234,4965,5227
427,90168893,7123,7498
428,5920024,63076,63076
429,76550638,16482,16482
430,14218089,17683,17683
431,70398334,12518,13177
432,6296792,34159,34159
433,11930385,5955,6269
434,11930397,3573,3762
435,11930390,27460,27460
436,11930380,41784,41784
437,170201712,12236,12880
438,12570397,41165,41165
439,8149510,29213,29213
440,168850401,7449,7842
441,138171218,10046,10575
442,53862718,12174,12815
443,50670402,66732,66732
444,150288251,40482,40482
445,28337531,39441,39441
446,11311920,61416,61416
447,6958305,27303,27303
448,11843913,26966,26966
449,9891416,19916,19916
450,6161229,127816,127816
451,10011501,26394,26394
452,122745430,24902,24902
453,17045725,19525,19525
454,175865466,7658,8062
455,6296786,30541,30541
456,65258011,12346,12996
457,116413942,25225,25225
458,9891425,30541,30541
459,172085561,19754,19754
460,142112011,9207,9692
461,175807357,12430,13085
462,153879939,21262,21262
463,5920025,84656,84656
464,5920026,31869,31869
465,6296785,25892,25892
466,90322522,32881,32881
467,168868558,39176,39176
468,197917393,23791,23791
469,137980350,11047,11629
470,67118653,15985,15985
471,21251057,27116,27116
472,41320604,29288,29288
473,197917404,73425,73425
474,178832415,31579,31579
475,147198199,13004,13689
476,15732500,16177,16177
477,28369082,51991,51991
478,11930415,10927,11503
479,197917394,32370,32370
480,28360857,26294,26294
481,87141878,41362,41362
482,178496016,39822,39822
483,148340877,19691,19691
484,99998471,39643,39643
485,28365033,25517,25517
486,10011500,22472,22472
487,19658181,16659,16659
488,28355713,49003,49003
489,10011499,20201,20201
490,123822503,33463,33463
491,142894456,16730,16730
492,194848349,9178,9662
493,140663916,47479,47479
494,28352844,22111,22111
495,193670505,142603,142603
496,52019068,115335,115335
497,173184264,107891,107891
498,197917395,78982,78982
499,141224801,67974,67974
500,76730885,60903,60903
501,153994369,60623,60623
502,27696291,54333,54333
503,197917387,49849,49849
504,28367602,49600,49600
505,141224331,47885,47885
506,177620162,40990,40990
507,197917397,40786,40786
508,176457641,39649,39649
509,28369404,37648,37648
510,27706952,36922,36922
511,27577959,32930,32930
512,97033029,32666,32666
513,64936720,32662,32662
514,27706837,31165,31165
515,155930642,30323,30323
516,27696294,29455,29455
517,27702988,28358,28358
518,8140341,27664,27664
519,28362827,27190,27190
520,27704021,25620,25620
521,28354521,25398,25398
522,27704234,24760,24760
523,64239946,24494,24494
524,27577981,23200,23200
525,27577949,22185,22185
526,177615915,22168,22168
527,148480071,20114,20114
528,28337677,20019,20019
529,126889379,19914,19914
530,27704211,18603,18603
531,197917407,17803,17803
532,76721425,17160,17160
533,172574995,15942,15942
534,33061663,15738,15738
535,178955276,15417,15417
536,141651073,15164,15164
537,197917406,15052,15052
538,177632388,14364,15120
539,11116927,14091,14833
540,144423174,14021,14759
541,144422600,13167,13860
542,34394646,13050,13737
543,184096987,12907,13587
544,13777385,12673,13340
545,105327836,12166,12807
546,27577921,12059,12694
547,27706130,11957,12587
548,33063710,9999,10526
549,11116926,7895,8311
550,97595969,7321,7707
551,136816865,12939,13620
552,11930405,30993,30993
553,170160637,11911,12538
554,148491714,21836,21836
555,54700190,30141,30141
556,150285177,28505,28505
557,179728171,17476,17476
558,51392664,27891,27891
559,138171219,8022,8445
560,159019356,37294,37294
561,89128956,33790,33790
562,89126590,28611,28611
563,171687995,18122,18122
564,39335798,31749,31749
565,165827263,33112,33112
566,140419337,28759,28759
567,137980353,39570,39570
568,15152548,19333,19333
569,172080572,15168,15168
570,147198200,14309,15063
571,6296787,20315,20315
572,72883248,10349,10894
573,64936718,21307,21307
574,76688997,12929,13610
575,110254226,34986,34986
576,64936715,30404,30404
577,173305395,23080,23080
578,137783831,18006,18006
579,171537000,13995,14732
580,10720519,59339,59339
581,12570399,58429,58429
582,8149514,43156,43156
583,113257803,17641,17641
584,141650838,20146,20146
585,76888243,15506,15506
586,94943725,37194,37194
587,83743249,70074,70074
588,136830495,23119,23119
589,96381857,23139,23139
590,207076774,9163,9646
591,137980352,10337,10882
592,182765988,9816,10333
593,9294923,18255,18255
594,9294922,14393,15151
595,9294924,8819,9284
596,170216835,125907,125907
597,148526278,5600,5895
598,179726156,15192,15192
599,39335804,22418,22418
600,182772158,14111,14854
601,143101807,23664,23664
602,137890731,23542,23542
603,159708905,23139,23139
604,137783832,15187,15187
605,69095574,38380,38380
606,137890732,26039,26039
607,145514625,8207,8639
608,124117985,10288,10830
609,195040214,12716,13386
610,178827631,9101,9580
611,164742618,28809,28809
612,11930395,43626,43626
613,122035877,49252,49252
614,143101806,22481,22481
615,96381861,15973,15973
616,54700585,21980,21980
617,159715660,15973,15973
618,197272894,13434,14142
619,203135293,49339,49339
620,179989336,8975,9448
621,159715659,15145,15145
622,148643555,18460,18460
623,145512791,7486,7880
624,99999697,19800,19800
625,137890730,23542,23542
626,186655478,12532,13192
627,175858259,8366,8807
628,178555158,49504,49504
629,137874581,12926,13607
630,165293067,27872,27872
631,193671448,18650,18650
632,145516115,10481,11033
633,151438793,19658,19658
634,180109254,12507,13166
635,170201722,21245,21245
636,162958590,7691,8096
637,175858260,9043,9519
638,130256839,15265,15265
639,15732493,12214,12857
640,137898745,16103,16103
641,15732485,8317,8755
642,12433860,27464,27464
643,11930391,35788,35788
644,13141142,14246,14996
645,64454316,74600,74600
646,110629047,51497,51497
647,148491717,32517,32517
648,168869787,25658,25658
649,140411470,10079,10610
650,123380778,10294,10836
651,122038233,56270,56270
652,122036629,56838,56838
653,67202384,11865,12490
654,15732491,11283,11877
655,185330134,48679,48679
656,138980664,10241,10780
657,186781832,1839,1936
658,175818283,25860,25860
659,211645710,118524,118524
660,38425239,59892,59892
661,177659176,56440,56440
662,45052419,49800,49800
663,148342978,18568,18568
664,148342974,17388,17388
665,148339061,11573,12183
666,42604901,21860,21860
667,11930394,40557,40557
668,141583657,18612,18612
669,195372555,9720,10232
670,175866466,22592,22592
671,188742197,5812,6118
672,170201719,46476,46476
673,186988252,2447,2576
674,150407920,85268,85268
675,147610596,24651,24651
676,148647679,23651,23651
677,12433859,17030,17030
678,45052420,71463,71463
679,164442022,43162,43162
680,140694431,16667,16667
681,148330192,6876,7238
682,165827818,37538,37538
683,54595555,37930,37930
684,113786884,36774,36774
685,139009645,15519,15519
686,145537514,11256,11849
687,186735027,1396,1470
688,11930400,16161,16161
689,162958595,23083,23083
690,149742935,20497,20497
691,122034334,43648,43648
692,149742919,42662,42662
693,149742712,25581,25581
694,157393633,19003,19003
695,156348515,18675,18675
696,15732494,17389,17389
697,161717471,14337,15092
698,149742704,13859,14589
699,162958592,13259,13957
700,153897173,10960,11537
701,143296837,9482,9982
702,145531073,9039,9515
703,12433856,6721,7075
704,131442812,18654,18654
705,72883242,12745,13416
706,11930386,7872,8287
707,15732495,20782,20782
708,139041145,19277,19277
709,140114511,94679,94679
710,45052418,68740,68740
711,138244309,42055,42055
712,163416960,31900,31900
713,138994567,28979,28979
714,91838108,26987,26987
715,138993728,26355,26355
716,138993017,24416,24416
717,159713900,22087,22087
718,138985361,21010,21010
719,175142124,19090,19090
720,13777391,18317,18317
721,148315922,12453,13109
722,148315920,11405,12006
723,189513379,10373,10919
724,145535846,10314,10857
725,180065819,12445,13100
726,138984044,7666,8070
727,189409220,8939,9410
728,99998473,43470,43470
729,91838110,24529,24529
730,39335802,23266,23266
731,15732498,19085,19085
732,188916617,16799,16799
733,50839848,16514,16514
734,15732488,12156,12796
735,54601434,11643,12256
736,174802160,11394,11994
737,151647004,10359,10905
738,124117990,8232,8666
739,174802164,7975,8395
740,39335797,6921,7286
741,154534202,4951,5212
742,138241381,15968,15968
743,138234198,19267,19267
744,114146346,6441,6780
745,114420235,2867,3018
746,140939526,107886,107886
747,15211565,9816,10333
748,154723825,12139,12778
749,114420236,2867,3018
750,145165890,63943,63943
751,131636617,50786,50786
752,189503013,27647,27647
753,155398311,22231,22231
754,169617893,21135,21135
755,175982520,20668,20668
756,165921127,17255,17255
757,188917774,15119,15119
758,11930403,13255,13953
759,10694411,6693,7046
760,85484014,3007,3166
761,114420233,3497,3682
762,11930382,21940,21940
763,165929316,119491,119491
764,216419104,41832,41832
765,183055869,18601,18601
766,13878606,17015,17015
767,154712965,13629,14347
768,180169321,13307,14008
769,122879943,12489,13147
770,124117991,11832,12455
771,114474047,9903,10425
772,178331899,8457,8903
773,154536692,7405,7795
774,114146341,5433,5719
775,114420234,3497,3682
776,114420237,2867,3018
777,208282404,18749,18749
778,11930401,26522,26522
779,11930392,15036,15036
780,183046402,34439,34439
781,96381859,22087,22087
782,144999324,20501,20501
783,185712577,10279,10820
784,12558255,10166,10702
785,145001763,9653,10162
786,155150680,9016,9491
787,143786639,36644,36644
788,6958307,46476,46476
789,126645199,21534,21534
790,138247457,23811,23811
791,137898744,16103,16103
792,169648154,13511,14223
793,126645226,25623,25623
794,126645223,21352,21352
795,12433861,34113,34113
796,126645211,48065,48065
797,138250397,38554,38554
798,145001122,32003,32003
799,11930389,31095,31095
800,11930384,28231,28231
801,166330084,25141,25141
802,14403039,24702,24702
803,126645219,21807,21807
804,11930404,20611,20611
805,11930396,20355,20355
806,11930383,18156,18156
807,126645235,17899,17899
808,14403036,17798,17798
809,11930388,16263,16263
810,145004753,14346,15102
811,125871274,13257,13955
812,180106298,12306,12954
813,11930387,11756,12375
814,145004542,11725,12343
815,144182012,11688,12304
816,191173090,8983,9456
817,212124070,3349,3526
818,140399915,7972,8392
819,12387090,32353,32353
820,175140606,13106,13796
821,170201716,27885,27885
822,178822046,16570,16570
823,168869193,30562,30562
824,11930371,90232,90232
825,12387088,68933,68933
826,12387092,63897,63897
827,12387089,57911,57911
828,11930376,52958,52958
829,12387099,37617,37617
830,11930379,32475,32475
831,117789944,18667,18667
832,159871904,18009,18009
833,204490483,15606,15606
834,72883243,12341,12991
835,204490482,11549,12157
836,204490484,11199,11789
837,145004958,11031,11612
838,11930402,9769,10284
839,140108743,9074,9552
840,204490480,7912,8329
841,178822048,10079,10610
842,196384523,69125,69125
843,103413466,40430,40430
844,103413625,32197,32197
845,125871262,20716,20716
846,170201713,27552,27552
847,180168073,15359,15359
848,142894450,15933,15933
849,169648157,18589,18589
850,11930408,54529,54529
851,170201708,34856,34856
852,117789963,94932,94932
853,170201702,27885,27885
854,111756427,21607,21607
855,170201734,18589,18589
856,137925871,315283,315283
857,12570394,228241,228241
858,165949356,120662,120662
859,11843912,87645,87645
860,169648168,85984,85984
861,142894449,59756,59756
862,11930409,59324,59324
863,12570396,49132,49132
864,6958306,46683,46683
865,14364127,41532,41532
866,136466099,32606,32606
867,169666627,32532,32532
868,169648147,31536,31536
869,59296071,29181,29181
870,105327827,28987,28987
871,170201726,28557,28557
872,170217966,27635,27635
873,170637124,27021,27021
874,169648172,27021,27021
875,10232274,27021,27021
876,170637129,26026,26026
877,14056918,23105,23105
878,9891418,22572,22572
879,149742701,21148,21148
880,141621029,19641,19641
881,19071486,18589,18589
882,169648173,16887,16887
883,170637123,15518,15518
884,54652671,9359,9852
885,139041144,7638,8040
886,8149513,99591,99591
887,11930399,7277,7660
888,4821984,28216,28216
889,28353599,59162,59162
890,137874582,13175,13869
891,6958304,25486,25486
892,8983321,12749,13420
893,164187539,5736,6038
894,38567948,32847,32847
895,54663706,17584,17584
896,96305906,25070,25070
897,187662701,141096,141096
898,187662994,137776,137776
899,187662698,27552,27552
900,187662996,24896,24896
901,187662692,154376,154376
902,187662677,35313,35313
903,9891424,16596,16596
904,170637125,18058,18058
905,169648167,22415,22415
906,169666628,22415,22415
907,170201717,22572,22572
908,142894453,82996,82996
909,170201715,32242,32242
910,142894454,72165,72165
911,170201723,67558,67558
912,170217963,51456,51456
913,169648141,49796,49796
914,169648169,38176,38176
915,169648148,32242,32242
916,170201711,32242,32242
917,170201707,32242,32242
918,170637128,25486,25486
919,169648144,17808,17808
920,169648171,16273,16273
921,170201754,15351,15351
922,14621265,68740,68740
923,8140337,49982,49982
924,8140339,34781,34781
925,8149516,107067,107067
926,89054424,21706,21706
927,169648163,36516,36516
928,115284252,55503,55503
929,141615457,20387,20387
930,141647541,15140,15140
931,172029755,30354,30354
932,178936418,77605,77605
933,38425678,28244,28244
934,15732486,12214,12857
935,45052417,31307,31307
936,89051456,29946,29946
937,122745433,22175,22175
938,122745431,23811,23811
939,15732501,19570,19570
940,116413918,10111,10644
941,170852459,13051,13738
942,149742702,13983,14719
943,139014446,43086,43086
944,105327828,21736,21736
945,10479777,19406,19406
946,62103918,23909,23909
947,8140335,57806,57806
948,8140334,44960,44960
949,105327832,16179,16179
950,140663917,15461,15461
951,89062678,36380,36380
952,89051449,34030,34030
953,30820947,22119,22119
954,37723695,42605,42605
955,89051463,101094,101094
956,89051452,107534,107534
957,154224068,22322,22322
958,144182051,74961,74961
959,126645207,74325,74325
960,126645234,67238,67238
961,126645222,51700,51700
962,144182045,48247,48247
963,126645195,47793,47793
964,144182004,46612,46612
965,125871270,45521,45521
966,125871268,45249,45249
967,126645214,44249,44249
968,126645233,43704,43704
969,125871256,41069,41069
970,144182009,38616,38616
971,151703852,37798,37798
972,126645213,37253,37253
973,144182011,36526,36526
974,144182005,36071,36071
975,144182015,34799,34799
976,126645209,33164,33164
977,126645227,31257,31257
978,126645203,30711,30711
979,126645220,29621,29621
980,126645210,29439,29439
981,126645216,29348,29348
982,126645194,29257,29257
983,126645229,27894,27894
984,126645196,26713,26713
985,125871272,26350,26350
986,126645236,26168,26168
987,126645197,24441,24441
988,151703848,24110,24110
989,151703845,23160,23160
990,126645201,22170,22170
991,126645205,18990,18990
992,144181978,18808,18808
993,126645218,17627,17627
994,126645208,16809,16809
995,126645198,13607,14324
996,126645239,12648,13314
997,126645202,26259,26259
998,103413138,52664,52664
999,105327830,11648,12262
1000,114146343,18899,18899
1001,114473634,18214,18214
1002,12899051,7888,8304
1003,140399914,8638,9093
1004,12387091,66270,66270
1005,27184236,26543,26543
1006,12570395,41165,41165
1007,76094620,16862,16862
1008,184111860,32978,32978
1009,97595950,28460,28460
1010,95031505,62039,62039
1011,162958599,8635,9090
1012,42603390,4915,5174
1013,184116525,5011,5275
1014,191920162,13776,14502
1015,208422954,7411,7802
1016,168543324,16055,16055
1017,184113617,5171,5444
1018,173579018,84651,84651
1019,173651604,82991,82991
1020,173662355,78841,78841
1021,173936641,58091,58091
1022,174431008,58091,58091
1023,174665795,53941,53941
1024,174566658,53941,53941
1025,174681729,49791,49791
1026,168830482,32693,32693
1027,130209684,21941,21941
1028,97595949,21406,21406
1029,208412200,18295,18295
1030,120376466,17421,17421
1031,97595939,16426,16426
1032,196666951,15097,15097
1033,184050397,13338,14040
1034,196666950,13248,13946
1035,191909658,12740,13411
1036,191936005,12400,13053
1037,184048148,9863,10383
1038,208401233,9013,9488
1039,191915964,8915,9385
1040,191915963,8278,8714
1041,168852442,5808,6114
1042,208406176,7727,8134
1043,64928294,36760,36760
1044,192837246,273899,273899
1045,19071485,53782,53782
1046,168064823,9523,10025
1047,196626392,7560,7958
1048,195358463,90355,90355
1049,52884846,10995,11574
1050,168720976,157988,157988
1051,98695665,18107,18107
1052,178800825,35690,35690
1053,13141123,25336,25336
1054,89059697,22436,22436
1055,161290363,21706,21706
1056,103413285,17753,17753
1057,192837263,236549,236549
1058,192833660,215799,215799
1059,126645212,8112,8539
1060,64928296,24627,24627
1061,11930370,48444,48444
1062,103413552,20112,20112
1063,11013249,42615,42615
1064,198251622,54753,54753
1065,198251663,41822,41822
1066,198251670,28339,28339
1067,171502502,15464,15464
1068,51833608,25793,25793
1069,198251666,142341,142341
1070,198380579,108682,108682
1071,198251636,32100,32100
1072,213572157,29899,29899
1073,198380587,28523,28523
1074,178475698,24362,24362
1075,162459933,23366,23366
1076,198251692,22195,22195
1077,155930260,15682,15682
1078,213600535,15866,15866
1079,59695755,8145,8574
1080,213572160,194802,194802
1081,213572200,191042,191042
1082,198251620,186823,186823
1083,213572185,176918,176918
1084,198251675,172057,172057
1085,213572201,133353,133353
1086,198251650,118954,118954
1087,198251631,105288,105288
1088,198251660,99510,99510
1089,198380581,88138,88138
1090,213572197,85478,85478
1091,198251689,80892,80892
1092,198251681,78049,78049
1093,213572226,68052,68052
1094,198251627,65374,65374
1095,198251668,61852,61852
1096,213572175,60641,60641
1097,198251626,57872,57872
1098,213572154,55029,55029
1099,197777193,51452,51452
1100,213572144,46591,46591
1101,213572207,46407,46407
1102,198251646,44353,44353
1103,198251659,43472,43472
1104,213572145,41822,41822
1105,198251697,37970,37970
1106,213572155,37052,37052
1107,213572189,35768,35768
1108,213572147,34851,34851
1109,213572174,34668,34668
1110,198251700,32558,32558
1111,213572192,31549,31549
1112,198251674,30596,30596
1113,213572217,30376,30376
1114,213572173,30082,30082
1115,198380593,29807,29807
1116,213572216,29165,29165
1117,213572221,28174,28174
1118,213572225,28174,28174
1119,213572183,26083,26083
1120,213572219,25423,25423
1121,198251701,24487,24487
1122,162459932,22702,22702
1123,161290368,21905,21905
1124,198380569,19993,19993
1125,198251657,17058,17058
1126,198251662,12466,13123
1127,198380580,10359,10905
1128,198251703,147110,147110
1129,213572188,76306,76306
1130,213572220,60256,60256
1131,198251678,35126,35126
1132,213816040,18067,18067
1133,198251633,14351,15107
1134,198251688,11727,12345
1135,198251638,33017,33017
1136,198251694,194986,194986
1137,213572158,173616,173616
1138,198251687,133720,133720
1139,213572143,124090,124090
1140,213572204,112809,112809
1141,213572152,106297,106297
1142,198251673,103271,103271
1143,198251652,101528,101528
1144,213572198,79241,79241
1145,198251695,77224,77224
1146,213572150,76490,76490
1147,213572151,75298,75298
1148,213572193,74931,74931
1149,198251661,72821,72821
1150,213572181,65025,65025
1151,213572153,61082,61082
1152,198380585,56496,56496
1153,198251702,56404,56404
1154,198380590,51360,51360
1155,198251643,50626,50626
1156,198251676,49250,49250
1157,213572163,42372,42372
1158,198251628,37419,37419
1159,198380586,34117,34117
1160,213572203,34007,34007
1161,198251664,33292,33292
1162,198251637,31825,31825
1163,213572218,31091,31091
1164,213572142,30174,30174
1165,213572184,29348,29348
1166,198251706,26872,26872
1167,198380570,22470,22470
1168,213600553,20360,20360
1169,213572231,19993,19993
1170,213572232,16783,16783
1171,198380571,8099,8526
1172,198251683,188290,188290
1173,198251642,109966,109966
1174,213572199,94283,94283
1175,198251649,87862,87862
1176,213572202,82268,82268
1177,198251698,74014,74014
1178,213572211,53708,53708
1179,198251629,50718,50718
1180,213572190,48755,48755
1181,198129004,47141,47141
1182,213572229,46224,46224
1183,198251680,24102,24102
1184,198251669,20819,20819
1185,213572210,17884,17884
1186,198251639,16233,16233
1187,213572222,15591,15591
1188,198380573,15408,15408
1189,213572212,62091,62091
1190,198251685,57413,57413
1191,205455212,53378,53378
1192,198251621,47508,47508
1193,198380584,43472,43472
1194,198251632,43289,43289
1195,198380594,39620,39620
1196,198251705,33934,33934
1197,198380572,32467,32467
1198,198251647,28294,28294
1199,198251699,26909,26909
1200,213572213,22837,22837
1201,198251634,18985,18985
1202,198251644,18434,18434
1203,205455201,7879,8294
1204,51516244,35224,35224
1205,52038215,8321,8759
1206,154211857,28109,28109
1207,168850394,45604,45604
1208,178331925,20542,20542
1209,214186443,106487,106487
1210,214212471,94071,94071
1211,214096534,11496,12102
1212,90987371,9060,9537
1213,214998420,280725,280725
1214,216767746,61734,61734
1215,213571528,40266,40266
1216,213431559,25242,25242
1217,213906415,16392,16392
1218,213534144,18349,18349
1219,154539408,10210,10748
1220,189126565,42705,42705
1221,176209660,29488,29488
1222,176209658,20618,20618
1223,176209655,7829,8242
1224,168917438,25107,25107
1225,154178996,21409,21409
1226,114473636,27526,27526
1227,154554937,16662,16662
1228,149742912,47016,47016
1229,149742700,22051,22051
1230,136576718,66474,66474
1231,165921116,26385,26385
1232,186655481,24696,24696
1233,186618474,22368,22368
1234,186655465,15475,15475
1235,154170694,7099,7473
1236,163409720,41029,41029
1237,163403105,28696,28696
1238,186655479,40948,40948
1239,178822051,40308,40308
1240,121074334,39989,39989
1241,154931312,17301,17301
1242,156085848,16753,16753
1243,155384799,16114,16114
1244,154938102,15703,15703
1245,154172802,11174,11763
1246,154207227,11042,11624
1247,154711171,10079,10610
1248,174802158,9334,9826
1249,176202549,8895,9364
1250,174978154,16114,16114
1251,109623875,48982,48982
1252,204468212,47841,47841
1253,138232766,43139,43139
1254,168850396,35515,35515
1255,165921132,32639,32639
1256,109623951,30905,30905
1257,154951329,28211,28211
1258,154203743,22642,22642
1259,154742930,21364,21364
1260,154145342,15749,15749
1261,156059885,15247,15247
1262,114146345,10824,11394
1263,154941833,10560,11116
1264,154907016,10386,10933
1265,196397782,8895,9364
1266,178822050,21775,21775
1267,208284438,14285,15037
1268,155848444,13190,13885
1269,208284446,34283,34283
1270,206024605,32228,32228
1271,208284444,24148,24148
1272,206024534,22459,22459
1273,208284433,21181,21181
1274,206024579,15886,15886
1275,208284435,15794,15794
1276,206002500,10429,10978
1277,178822042,25381,25381
1278,178822045,11042,11624
1279,163406510,47049,47049
1280,163406507,47049,47049
1281,163416963,31900,31900
1282,163403099,28696,28696
1283,163414116,19373,19373
1284,62209900,130317,130317
1285,194508300,59048,59048
1286,119751698,50679,50679
1287,87755851,74264,74264
1288,170879654,11416,12017
1289,144181975,13868,14598
1290,206055270,188825,188825
1291,192866931,152764,152764
1292,206048429,140485,140485
1293,206069988,105364,105364
1294,206074732,82593,82593
1295,206314660,80061,80061
1296,206073691,63295,63295
1297,196585485,57008,57008
1298,206359523,55892,55892
1299,196627076,49737,49737
1300,196672033,49072,49072
1301,196397699,48663,48663
1302,196431421,46479,46479
1303,206337468,43807,43807
1304,206066878,41163,41163
1305,200844565,39287,39287
1306,201402899,33880,33880
1307,201314077,29981,29981
1308,201889013,28247,28247
1309,118419120,24053,24053
1310,116073956,11353,11951
1311,169358275,101050,101050
1312,115167593,22658,22658
1313,187760232,21494,21494
1314,166814644,75529,75529
1315,169360179,55938,55938
1316,166814648,42508,42508
1317,166814641,31386,31386
1318,132604079,14199,14947
1319,140734377,11135,11722
1320,187760682,27581,27581
1321,132457654,15319,15319
1322,170032529,36681,36681
1323,165951901,91043,91043
1324,165956517,39222,39222
1325,157911258,31624,31624
1326,165932940,28913,28913
1327,158121728,25574,25574
1328,149918267,18737,18737
1329,157911260,18449,18449
1330,112502891,30370,30370
1331,117256679,19140,19140
1332,49271634,38934,38934
1333,164261342,29216,29216
1334,164265607,29216,29216
1335,44053680,13591,14307
1336,38646379,40473,40473
1337,148370470,8366,8807
1338,170568954,6525,6869
1339,111756236,20177,20177
1340,163418793,63073,63073
1341,163418795,63073,63073
1342,162878644,37726,37726
1343,67166235,31208,31208
1344,65458857,28061,28061
1345,162876971,21883,21883
1346,193643406,19378,19378
1347,128723915,18551,18551
1348,140908965,13017,13703
1349,90830892,8703,9162
1350,162864726,18306,18306
1351,162875698,63026,63026
1352,162881278,60345,60345
1353,67125808,31028,31028
1354,162874790,28295,28295
1355,144273509,27605,27605
1356,65460915,24692,24692
1357,215139518,16563,16563
1358,215156047,8479,8926
1359,85603596,7754,8163
1360,140904346,6136,6459
1361,176654624,34307,34307
1362,65513318,28102,28102
1363,215141278,24408,24408
1364,162872497,24162,24162
1365,90826312,6862,7224
1366,144270784,29465,29465
1367,215150632,27082,27082
1368,85421699,16426,16426
1369,141623531,14089,14831
1370,85415564,10265,10806
1371,90829635,8494,8942
1372,155359936,26590,26590
1373,178537954,20965,20965
1374,155150681,13915,14648
1375,214875249,11335,11932
1376,214875255,31272,31272
1377,67001582,18329,18329
1378,155150679,16763,16763
1379,155359944,12864,13542
1380,214875252,11825,12448
1381,155359941,8681,9138
1382,155359947,28664,28664
1383,155359940,22513,22513
1384,155359938,20411,20411
1385,155359946,20346,20346
1386,155359937,14233,14983
1387,155359943,13636,14354
1388,155359945,13082,13771
1389,155359939,10391,10938
1390,90832722,17609,17609
1391,215144472,29988,29988
1392,215154216,23653,23653
1393,64942954,19600,19600
1394,215142934,17551,17551
1395,66999728,14097,14839
1396,67127166,12831,13507
1397,193593485,5882,6192
1398,127620579,19090,19090
1399,127611034,18509,18509
1400,125998892,19150,19150
1401,127597240,23572,23572
1402,128709151,17181,17181
1403,126645200,18081,18081
1404,148339058,9606,10112
1405,125871259,35435,35435
1406,14364119,171956,171956
1407,126645224,24623,24623
